notes,geometry,
subarea_polygon,"POLYGON ((-88.103831 42.151490,-87.773117 42.126743,-87.737121 41.883769,-88.211819 41.942263,-88.094832 42.149240,-88.103831 42.151490,))"
